,Lijst van organisaties,Stad,Land,Postcode,Count van producties
0,Rebecca September,Brussel,België,,5
1,Spielmann vzw,,België,,1
2,B'Rock Orchestra,Gent,België,,9
3,Athome,Brussel,België,,24
4,Jamaa El Irakya,Antwerpen,België,,5
5,Rimlight Productions vzw,Lokeren,België,,1
6,Cirq'ulation Locale,Sint-Kruis,België,,5
7,Het Sienjaal,Laarne,België,,2
8,Werktank,Leuven,België,,1
9,Niels asbl,Brussel,België,,6
10,KOPERGIETERY,Gent,België,,227
11,Danscentrum Jette,Sint-Jans-Molenbeek,België,,5
12,Asbest Theater-Producties,Hasselt,België,,3
13,Studio Eclipse,Belsele,België,,13
14,Hun-Tun vzw,Antwerpen,België,,4
15,Ancienne Belgique (AB),Brussel,België,,1
16,Het Firmament,Mechelen,België,,5
17,productiehuis padarijs,Beringen,België,,8
18,Fakkelteater,Antwerpen,België,,9
19,Geert Genbrugge,Antwerpen,België,,1
20,Dwama,Antwerpen,België,,8
21,Mark Verstraete,Antwerpen,België,,3
22,Vanelle,Burcht,België,,6
23,Verenigde werkhuizen Thassos v.z.w.,Borgerhout (Antwerpen),België,,4
24,RUDA asbl,Bruxelles,België,,2
25,zie!duif,Antwerpen,België,,3
26,Laika,Antwerpen,België,,149
27,Doble Mandoble,Brussel,België,,1
28,CC De Velinx,Tongeren,België,,9
29,lAmpekAp,Antwerpen,België,,4
30,Kunstencentrum Belgie,Hasselt,België,,23
31,Theater Antigone,Kortrijk,België,,149
32,Darm vzw,Sint-Amandsberg,België,,3
33,Ensemble KNS - Raamteater,Antwerpen,België,,12
34,SKaGeN,Antwerpen,België,,51
35,Het ij,Gent,België,,1
36,Silence Fini,Gent,België,,5
37,Violetta,,België,,1
38,Jef Demedts (vzw),Zwijnaarde,België,,2
39,HIROS,Brussel,België,,43
40,In vitro,Gent,België,,6
41,Godarville asbl,,België,,1
42,CC Berchem,Berchem,België,,6
43,Théâtre Des 2 Eaux,Bruxelles,België,,3
44,De Mannschaft,,België,,2
45,De Parade,Sint-Joost-ten-Node,België,,57
46,Wurre Wurre,Gent,België,,10
47,ZOO,Brussel,België,,77
48,Bloet,Elsene,België,,25
49,Collectief Theater Hart,Brussel,België,,2
50,Janus-Ensemble,Oosterzele,België,,17
51,Wolven vzw,Antwerpen,België,,2
52,Klara,Brussel,België,,2
53,Detlev,Mechelen,België,,1
54,JOC Ieper,Ieper,België,,1
55,Salva Sanchis,Brussel,België,,11
56,2fabrieken,Antwerpen,België,,10
57,Het Betoog,Tienen,België,,11
58,Toneelgroep Ceremonia,Gent,België,,77
59,Riina Saastamoinen,,België,,2
60,Tine Ruysschaert,De Pinte,België,,21
61,Swan Lake,Gent,België,,11
62,Vlinders,Brussel,België,,1
63,JAN vzw,Antwerpen,België,,14
64,Service To Others,Hasselt,België,,3
65,Cie MoSTeRD MeT ZaaD,Gent,België,,1
66,XL productions,Gent,België,,6
67,XL Productions - Theaterimpresariaat XL & Lapinne,Sint-Martens-Latem,België,,1
68,Mars,Borgerhout,België,,30
69,Sarma,Brussel,België,,1
70,De eibakkerij,,België,,1
71,De Bank,Gent,België,,22
72,Bent Object,Brussel,België,,4
73,Time Festival,Gent,België,,11
74,Ink,Meeuwen-Gruitrode,België,,2
75,Het Gerucht,Kortenaken,België,,1
76,Fiëbre,Antwerpen,België,,2
77,Wolff,Antwerpen,België,,4
78,Los cojones del toro,Schaarbeek,België,,6
79,Galacticamendum,Gent,België,,2
80,Dirc Kauba Dance Company,Brussel,België,,1
81,Ronald Van Rillaer,Schoten,België,,4
82,Les SlovaKs Dance Collective,Brussel,België,,16
83,De Factorie,Kasterlee,België,,6
84,Twijfel,Mariakerke (Gent),België,,15
85,Quatuor Danel,Brussel,België,,1
86,Anno '8,Maasmechelen,België,,2
87,La Barca Ensemble,Oudergem,België,,3
88,La Compagnie Victor,Bruxelles,België,,2
89,The Nursery,Brussel,België,,1
90,Jong Bloed,Kortrijk,België,,6
91,Anatolie Toneel Groep,Antwerpen,België,,2
92,Wild Schaap,,België,,1
93,Het Entrepot,Brugge,België,,2
94,Koninklijk Conservatorium - afd. Drama,Sint-Genesius - Rode,België,,1
95,Cabra vzw,,België,,7
96,Sabbattini Mimetheater,Deurne (Antwerpen),België,,11
97,Abattoir Fermé,Mechelen,België,,96
98,Hogeschool Antwerpen / Hoger Instituut voor Dans (HID),Lier,België,,28
99,Flat Earth Society,Gent,België,,2
100,wpZimmer,Antwerpen,België,,107
101,Tandem asbl,Brussel,België,,3
102,Compagnie des Mutants,La Louvière,België,,6
103,Liaisons dangereuses,Antwerpen,België,,3
104,Theater Tenslotte,Brasschaat,België,,1
105,Kunstencentrum De Vlasbloem,Nieuwkerken-Waas,België,,1
106,Brandung,Oostende,België,,1
107,Artesis - Koninklijk Conservatorium Campus Studio,Antwerpen,België,,5
108,Lemmensinstituut - Hogeschool voor Wetenschap en Kunst,Leuven,België,,16
109,Compagnie Mossoux-Bonté,Bruxelles,België,,2
110,Krakatau,Gent,België,,3
111,Merlino vzw,Antwerpen,België,,2
112,Emanon Ensemble,Leuven,België,,4
113,Theatermakersgroep De Queeste,Genk,België,,41
114,Artesis Hogeschool Antwerpen,Antwerpen,België,,2
115,ChampdAction,Antwerpen,België,,5
116,Jeux Interdits Anc. Etabl.,Antwerpen,België,,3
117,La Cerisaie,,België,,1
118,Bureau des Arts,Bruxelles,België,,2
119,DE MAAN,Mechelen,België,,45
120,Kasteel van Gaasbeek,Gaasbeek,België,,1
121,Action Scénique,Antwerpen,België,,32
122,Woestijn 93,Berchem,België,,31
123,Vlaams Theater Instituut - VTi,Brussel,België,,1
124,Theaterbedrijf Het Woud,,België,,3
125,TEATERBARRIKADE ,Gent,België,,2
126,Feniks festival,Borgerhout (Antwerpen),België,,1
127,dust,Gent,België,,1
128,Bâtard,Brussel,België,,6
129,Toneelatelier,Aalst,België,,1
130,Frank Degruyter,Knesselare,België,,19
131,De Ingebeelden,Brussel,België,,1
132,Ballet Dommage,Gent,België,,6
133,The Other,Brussel,België,,33
134,Het Zesde Bedrijf,Antwerpen,België,,25
135,MaisonDahlBonnema,Brussel,België,,13
136,Kaaiman,Turnhout,België,,16
137,Anima Eterna,Brugge,België,,2
138,Koninklijke Nederlandse Schouwburg,Antwerpen,België,,14
139,Invasif vzw,Gent,België,,6
140,Teatertentog,Nijlen,België,,5
141,Brussel 2000,Brussel,België,,3
142,Beursschouwburg,Brussel,België,,14
143,NTGent,Gent,België,,235
144,Balsem vzw,,België,,2
145,GoodMove,Brussel,België,,30
146,Bronstig Veulen,Brussel,België,,16
147,Edward vzw,Antwerpen,België,,14
148,Müdts,Ardooie,België,,1
149,Het Kwartier,,België,,2
150,FONTH bvba,,België,,2
151,CAM TEATER- EN AUDIO-VIDEOPRODUKTIES,Asse,België,,1
152,Orfeo vzw,Brussel,België,,2
153,Zefiro Torna,Mechelen,België,,2
154,In Utero,Brussel,België,,4
155,Internationaal Straattheaterfestival vzw,Gent,België,,8
156,Archives et Musée de la Littérature,Brussel,België,,1
157,Bl!ndman,Brussel,België,,8
158,Dans in Kortrijk,Kortrijk,België,,7
159,De Theaterwerkplaats (PCT Dommelhof),Neerpelt,België,,17
160,Het Muziek LOD,Gent,België,,76
161,Theatermakersgroep Exprezzive,Hasselt,België,,3
162,Latitudes Lille Bruxelles,Bruxelles,België,,3
163,vzw Mechelen - Karel V,Mechelen,België,,1
164,Mathilde Speelt,Gent,België,,2
165,Compagnie Pierre Droulers,Sint-Jans-Molenbeek,België,,4
166,Maan en Zand,Mariakerke,België,,1
167,Drie Pees,Ranst,België,,10
168,A Two Dogs Company,Brussel,België,,23
169,Irma Firma,Brussel,België,,10
170,AMUZ,Antwerpen,België,,1
171,Theatermakershuis de Queeste,Hasselt,België,,38
172,Theater Vonk,Antwerpen,België,,1
173,Halles de Schaerbeek,Schaerbeek,België,,2
174,Vlaamse Opera,Antwerpen,België,,179
175,MartHa!tentatief,Mortsel,België,,66
176,Firefly,Brussel,België,,5
177,KC TheaterTeater,Mechelen,België,,1
178,tg STAN,Antwerpen,België,,220
179,APB De Warande,Turnhout,België,,12
180,Les Tanneurs,Bruxelles,België,,10
181,Radical Low / CYZ,Antwerpen,België,,10
182,Compagnie Jose Besprosvany,Sint-Gillis,België,,1
183,Alibi collectief,Schaarbeek,België,,36
184,De Veerman,Antwerpen,België,,3
185,Teater Zonder Toegevoegd Zout,Sint-Niklaas,België,,3
186,Collectif Malunés,Muizen,België,,6
187,HETPALEIS,Antwerpen,België,,289
188,Round Face vzw,Gent,België,,9
189,Limelight,Kortrijk,België,,25
190,CC De Kern,Wilrijk (Antwerpen),België,,14
191,Theater De Spiegel,Antwerpen,België,,99
192,Gommorah!,Gent,België,,1
193,Playerwater,Kapelle-op-den-Bos,België,,2
194,Theater Houtekop,Sint-Truiden,België,,14
195,Moldavië vzw / Randi De Vlieghe,,België,,4
196,Asansör,,België,,2
197,La petite fabrique,Brussel,België,,1
198,Compagnie Circ'Ombelico,Antwerpen,België,,4
199,GEN2020,Mechelen,België,,12
200,HETGEVOLG,Turnhout,België,,127
201,Compagnie Cecilia,Gent,België,,51
202,Globe Aroma,Brussel,België,,1
203,Theater De Korre,Brugge,België,,29
204,Needcompany,Brussel,België,,155
205,Opera XXI,Antwerpen,België,,2
206,Kunstencollectief Chahoula vzw,Wilrijk (Antwerpen),België,,3
207,Babelut,Neerpelt,België,,4
208,Recyclart,Brussel,België,,2
209,KC Moonbeat,Mechelen,België,,1
210,Theater Froe Froe,Antwerpen,België,,155
211,Scopello vzw,Antwerpen,België,,1
212,1x2x3 ASBL,Brussel,België,,1
213,Trudie en August,Houthalen,België,,1
214,Bonbon,Gent,België,,1
215,Ozeddoe,Brussel,België,,2
216,Muziektheater Transparant,Antwerpen,België,,233
217,Jeugd en Muziek Orkest Antwerpen,Antwerpen,België,,1
218,Torka T.,Antwerpen,België,,13
219,Zamzam,Zedelgem,België,,7
220,Hiatus,Brussel,België,,6
221,Triptych,Antwerpen,België,,2
222,Buelens Paulina vzw,Brussel,België,,30
223,JESSA,Brussel,België,,7
224,Dans in Limburg,Hasselt,België,,4
225,Théâtre National de la Communauté française,Bruxelles,België,,21
226,Hertenkamp,Gent,België,,3
227,Bains::Connective,Vorst,België,,18
228,LOD,Gent,België,,111
229,Cie Ea Eo,Gent,België,,10
230,BodyTalker,Brussel,België,,2
231,Moussem vzw,Berchem,België,,32
232,Is Goudvis vzw,Brussel,België,,1
233,Capilla Flamenca,Leuven,België,,2
234,Passerelle - platform voor jonge dans,Kortrijk,België,,23
235,Perignem vzw,Beernem,België,,1
236,Mennomichieljozef vzw,Leuven,België,,7
237,keski.e.space,Borgerhout,België,,17
238,De Ontmoeting vzw,Brussel,België,,1
239,Judas Theaterproducties,Antwerpen,België,,19
240,Rosette De Herdt,Dendermonde,België,,2
241,Koninklijk Muziekconservatorium Brussel,Brussel,België,,2
242,Nono C.,Antwerpen,België,,4
243,Compagnie Trimaran,Brussel,België,,1
244,Vooruit,Gent,België,,30
245,De Kopergietery,Gent,België,,1
246,Branch Nebula,Borgerhout (Antwerpen),België,,3
247,The Ministry of Operatic Affairs,,België,,3
248,Zulu Nation,Brussel,België,,1
249,Ictus Ensemble vzw,Vorst,België,,7
250,Circo Ripopolo,Antwerpen,België,,5
251,4Hoog Productiehuis,Gent,België,,104
252,Bodyrefuse,Antwerpen,België,,1
253,vzw Saignant,Gent,België,,2
254,Palindroom,Brussel,België,,7
255,Bonk vzw,,België,,2
256,De vrije radicalen,Gent,België,,2
257,Compagnie de Koe,Antwerpen,België,,122
258,Vrij van zegel,Antwerpen,België,,1
259,Monty,Antwerpen,België,,71
260,WALTER JORIS,Antwerpen,België,,1
261,Tinnenpot,Gent,België,,1
262,Pyramide op de punt,Borgerhout,België,,4
263,De Tijd,Antwerpen,België,,123
264,Martico vzw,Watermaal-Bosvoorde,België,,4
265,kc nOna,Mechelen,België,,17
266,Enclave Dance Company,Brussel,België,,1
267,Tal en Thee,Aarschot,België,,20
268,Dame de Pic ASBL / Cie Karine Ponties,Bruxelles,België,,18
269,Hogeschool Gent - Koninklijke Academie voor Schone Kunsten (K.A.S.K.),Gent,België,,7
270,Latrinité,Gent,België,,9
271,vzw Wilde Vlechten,,België,,2
272,Okapuka,Kortrijk,België,,1
273,De komeet,Mechelen,België,,28
274,Tableau nr.1,Antwerpen,België,,5
275,Antwerpen Averechts,Antwerpen,België,,1
276,Ontroerend Goed,Gent,België,,90
277,Playground,Leuven,België,,1
278,Cie Greffe,Luik,België,,5
279,Dinska Bronska,Gent,België,,9
280,Tg DeGroep,Antwerpen,België,,1
281,Tg. NUN,Brussel,België,,1
282,Cie. Covar,,België,,5
283,Charlie Degotte,Etterbeek,België,,1
284,Kollektief D & A,Gent,België,,51
285,Palmers & Pierlet vzw,Boutersem,België,,2
286,P.A.R.T.S.,Vorst,België,,100
287,On location asbl,Brussel,België,,1
288,Toneelgroep Nunc,Gent,België,,34
289,Wereldculturencentrum Zuiderpershuis,Antwerpen,België,,25
290,Mister Wolf,Deftinge,België,,3
291,De Eilandverkaveling,Antwerpen,België,,7
292,Land in zicht vzw,Machelen,België,,1
293,Chiel Van Berkel,Brussel,België,,1
294,Compagnie 3637,Brussel,België,,4
295,COMPANY FEED,Brussel,België,,1
296,De Krijtkring,Brussel,België,,2
297,Bad Ass Cie,,België,,1
298,De kleine expeditie,Mortsel,België,,1
299,Cacao Bleu,Gent,België,,14
300,NONA,Mechelen,België,,22
301,Visit vzw,Brussel,België,,3
302,Devriendt vzw,Brussel,België,,10
303,La résistance ridicule,Antwerpen,België,,3
304,KoudVuur,Sint-Niklaas,België,,3
305,Next / Herwig De Weerdt,Gent,België,,10
306,Muziektheater van Zilverpapier,Gent,België,,12
307,Lilia Mestre,Brussel,België,,1
308,Verenigde Planeten / United Planets,Gent,België,,7
309,Katrinahof,Antwerpen,België,,1
310,Art'oh!,Brasschaat,België,,2
311,Avec Jan Jib Co,Berchem,België,,2
312,Agartha,Brussel,België,,1
313,Kunstlab AVElinks,Antwerpen,België,,1
314,Artforum vzw,Leuven,België,,12
315,P.A.R.T.S.FOUNDATION,Brussel,België,,2
316,TAKT/Dommelhof,Neerpelt,België,,1
317,Rendez-Vous!?,Mechelen,België,,1
318,Centre Chorégraphique de la Communauté française en Belgique,Brussel,België,,3
319,Silowaas 47,Antwerpen,België,,3
320,Mich Walschaerts,Gent,België,,1
321,Continuum,Bierbeek,België,,15
322,CC De Ploter,Sint-Katherina-Lombeek,België,,3
323,Ferdnnd,Berchem,België,,2
324,Hogeschool Gent - Departement Dramatische Kunst - Opleiding drama-woord,Gent,België,,64
325,Eigentijdse Werkgroep Teater (EWT),Deurne (Antwerpen),België,,41
326,Endewolf,Brussel,België,,2
327,BILT,,België,,1
328,Evaporation,Brussel,België,,1
329,Théâtre de Poche,Bruxelles,België,,2
330,Mechelse Mimestudio,Mechelen,België,,1
331,Kaaitheater,Brussel,België,,83
332,Karel Vingerhoets,Hove,België,,8
333,Werkgroep voor Vormingstheater,Gent,België,,16
334,De Werf,Brugge,België,,118
335,Quetzal asbl,Namur,België,,1
336,unm,Wijnegem,België,,14
337,STUK Kunstencentrum vzw,Leuven,België,,41
338,Compagnie Furiosas,Bruxelles,België,,2
339,Volksopera,,België,,2
340,fieldworks vzw,Brussel,België,,32
341,RITCS,brussel,België,,2
342,CC De Werft,Geel,België,,3
343,Tocht,Brussel,België,,4
344,Tovomol,Schaarbeek,België,,4
345,Ambachtelijk Collectief Trompet,Antwerpen,België,,1
346,Bricolé Paté,,België,,1
347,de ELsmakerij,Antwerpen,België,,2
348,Nachtkrab,Antwerpen,België,,1
349,De Forenzen vzw,Koekelberg,België,,1
350,De Bende van de Prins,,België,,5
351,De ZeeFabriek,Oostende,België,,1
352,Barrik Barrak,Wilrijk,België,,2
353,Peeping Tom,Brussel,België,,36
354,Het Gouden Hart,Hofstade,België,,4
355,Vzw Firma De Proost en De Beck & zn,Antwerpen,België,,1
356,Paljas Produkties,Deurne (Antwerpen),België,,84
357,Julia Sugranyes,Brussel,België,,1
358,De Sprook,,België,,2
359,vzw Sopha,Edegem,België,,2
360,Ecstasy vzw,Antwerpen,België,,2
361,De Dulle Roeckers,Hove,België,,8
362,Tribe,,België,,1
363,Centre des Ecritures Contemporaines et Numériques 2 - CECN2,Mons,België,,2
364,Max Last,,België,,4
365,De Zwarte Komedie,Antwerpen,België,,42
366,Sint-Lucas Architectuur,Brussel,België,,1
367,Musical van Vlaanderen,Antwerpen,België,,14
368,Kollektief Najief,Sint-Amandsberg,België,,2
369,Ottorongo vzw,Antwerpen,België,,3
370,Het Feestpaleis vzw,Borgerhout,België,,5
371,De nieuwe opdrachtgevers,Brussel,België,,1
372,Tirasila,Brussel,België,,18
373,Brugge Plus,Brugge,België,,3
374,Aksident,Borgerhout (Antwerpen),België,,6
375,Koninklijke Nederlandse Schouwburg i.o.n.,Antwerpen,België,,15
376,De Kempvader,Kasterlee,België,,1
377,BOX-Baroque Orchestration X,Antwerpen,België,,1
378,Erasmushogeschool Brussel / Departement Rits - Dramatische Kunst,Brussel,België,,149
379,Cimatics asbl,Brussel,België,,4
380,De Diepe Rivieren vzw,,België,,3
381,BIS Produkties,Edegem,België,,2
382,Banquine,Brussel,België,,1
383,"Hogeschool Antwerpen / departement Dramatische Kunst, Muziek en Dans",Antwerpen,België,,9
384,De Bovenkamer,Kontich,België,,1
385,L'Hommmm,,België,,6
386,Iota Theaterwerkgroep,Antwerpen,België,,25
387,luxemburg,Antwerpen,België,,98
388,kleinVerhaal,Oostende,België,,3
389,Nevski Prospekt,Gent,België,,13
390,Salomee Speelt,Antwerpen,België,,7
391,Vlinders & C°,Beveren-Waas,België,,39
392,Blauw Vier,Antwerpen,België,,47
393,Comp.Marius,Antwerpen,België,,55
394,Johny Voners & Janine Bischops,Tienen,België,,1
395,Compagnie Monica,Roeselare,België,,2
396,Les Argonautes,,België,,4
397,Gallerie Nadja Vilenne,Liège,België,,1
398,Union Suspecte,Gent,België,,49
399,Hendrik & Co,Hasselt,België,,3
400,Koninklijk Conservatorium Antwerpen,Antwerpen,België,,2
401,Collectif Borborygme,Brussel,België,,1
402,Podiumkunsten Bis Produkties,Hove,België,,2
403,Het Manifest,Deurne,België,,2
404,Tinistri vzw,Antwerpen,België,,3
405,Stilllab,Brussel,België,,50
406,KULeuven - Instituut voor Culturele Studies,Leuven,België,,1
407,Theater Scharlaken dak,Ronse,België,,11
408,Europees Centrum Opera en Vocale Kunst,Gent,België,,2
409,De Munt/La Monnaie,Brussel,België,,367
410,E.L.S.,,België,,1
411,Tonic,Gent,België,,4
412,Kinderenvandevilla,,België,,7
413,Alexander Sreyeac Compagnie,Deurle,België,,6
414,Internationale Nieuwe Scène,Antwerpen,België,,48
415,Vanity vzw,Brussel,België,,9
416,Muzaïk,Peer,België,,1
417,Kinder- en Poppentheater Propop,Turnhout,België,,103
418,BRONKS,Brussel,België,,203
419,Bianco Nero,,België,,2
420,Sprookjesweverij,,België,,2
421,Garden Of Delights,Ledeberg (Gent),België,,6
422,Marc Vanrunxt / Hyena,Antwerpen,België,,24
423,Compagnie Trois Pipes,,België,,1
424,OPENDOEK vzw,Antwerpen,België,,2
425,Compagnie Michèle Noiret,Bruxelles,België,,4
426,Joinda,Gent,België,,1
427,De Vere,Brussel,België,,2
428,Black Vlaming,Hombeek,België,,1
429,V.E.L.D.,Gent,België,,3
430,Hel's Kitchen,Gent,België,,6
431,Kopspel,Antwerpen,België,,4
432,Time Circus vzw - Guerillartcollectief,Mortsel,België,,1
433,Studio Herman Teirlinck,Antwerpen,België,,78
434,Netwerk / centrum voor hedendaagse kunst,Aalst,België,,23
435,De Nietjesfabriek,,België,,7
436,Charleroi/Danses,Charleroi,België,,11
437,De Zinderij,Kortrijk,België,,2
438,"t,arsenaal",Mechelen,België,,38
439,ATOM vzw,Brussel,België,,3
440,Musidora,Brugge,België,,1
441,daarKom vlaams-marokkaans culturenhuis,Brussel,België,,1
442,De Maand Mei,Turnhout,België,,3
443,Muzi a Zeny,Lokeren,België,,2
444,Stichting Kunst in het College vzw,Langdorp,België,,5
445,Het Toneelhuis,Antwerpen,België,,147
446,Stichting de MOL,Oudenaarde,België,,5
447,Jenny,Gent,België,,4
448,School of Arts,Gent,België,,1
449,Theater 3/3,Antwerpen,België,,1
450,Joji Inc,Bruxelles,België,,29
451,Maquis,Antwerpen,België,,1
452,Rwina vzw,Mechelen,België,,3
453,Rataplan vzw,Borgerhout,België,,34
454,De Stokerij,Gent,België,,1
455,Nora Tilley,Hove,België,,2
456,UA - Theaterwetenschappen,Anwerpen,België,,3
457,Oud Huis Stekelbees,Gent,België,,1
458,Théâtre de la Balsamine,Schaerbeek,België,,2
459,De Fluistercompagnie,Antwerpen,België,,1
460,Dadanero,,België,,2
461,Compagnie KAiET!,Borgerhout,België,,17
462,Don't forget to be noir,Gent,België,,1
463,Cultuurcentrum Hasselt,Hasselt,België,,5
464,vzw Jean et Mar,Antwerpen,België,,1
465,Big in Belgium,,België,,1
466,klein & Wagner,Bierbeek,België,,5
467,Busy Rocks,Brussel,België,,25
468,Theater gordijnen voor konijnen,Gent,België,,12
469,One-off vzw,Messelbroek,België,,4
470,Theater Zuidpool,Antwerpen,België,,133
471,dixit vzw,Antwerpen,België,,10
472,De Spelerij,Schoten,België,,14
473,Museum Plantin-Moretus,Antwerpen,België,,1
474,De kakkewieten,Kasterlee,België,,6
475,Delgado Fuchs,Brussel,België,,1
476,Limoges vzw,Brussel,België,,1
477,Theater Woelwater,Hove,België,,13
478,Cie Sweatshop,,België,,2
479,Blitz,Antwerpen,België,,1
480,POK Multimediacollectief,Antwerpen,België,,3
481,Beethoven Academie,Mechelen,België,,2
482,Sharon Zuckerman & Arco Renz,Brussel,België,,3
483,Bert & Fred,Antwerpen,België,,2
484,Kommil Foo,Hove,België,,8
485,Groupov,Liège,België,,4
486,MARCANT PRODUCTIES,Asse,België,,1
487,Villanella,Antwerpen,België,,88
488,0090 Kunstenfestival,Antwerpen,België,,1
489,Het Grote Gelijk,Lier,België,,4
490,Woesh,Brugge,België,,6
491,Red Orange Productions,Brussel,België,,4
492,Maison de la Culture de Tournai,Tournai,België,,5
493,Yard Projects vzw,Brussel,België,,1
494,Olympique Dramatique,Antwerpen,België,,35
495,Michèle Anne De Mey,Sint-Joost-ten-Node,België,,3
496,Terloopse Zalmen,Antwerpen,België,,1
497,Ponyhill,Roeselare,België,,6
498,We Go,Mortsel,België,,13
499,Les Rêveurs Sont Maltraités,Antwerpen,België,,2
500,Haute Coiffure,Antwerpen,België,,3
501,Kunstenfestivaldesarts,Brussel,België,,66
502,detheatermaker,Antwerpen,België,,32
503,We Love Productions,Gent,België,,7
504,Start vzw,Antwerpen,België,,1
505,Hardscore,Gent,België,,2
506,Mahaworks,Gent,België,,2
507,Mouton Panurge,Neerpelt,België,,1
508,Îles Flottantes vzw,Genk,België,,1
509,Not Standing vzw,Roeselare,België,,3
510,Gezelschap van de Schone Schijn,Erpe - Mere,België,,4
511,Theatergroep Authentiek Antwerpen,Brasschaat,België,,2
512,Raymond van het Groenewoud,Brugge,België,,1
513,Phluïde Cie.,Brugge,België,,1
514,WorkSpaceBrussels - Brusselse Werkplaats voor Podiumkunsten,Brussel,België,,12
515,Compagnie Le Corridor,Liège,België,,10
516,CC De Werf,Aalst,België,,2
517,Jeugd en Muziek Vlaanderen,Brussel,België,,7
518,Theater Ivonne Lex,Antwerpen,België,,23
519,Margarita Production,Brussel,België,,81
520,Theater Ik & Ik,Dilbeek,België,,1
521,deepblue,Brussel,België,,41
522,CC Ekeren,Ekeren,België,,1
523,CC De Adelberg,Lommel,België,,1
524,aredlineproject,Dilsen-Stokkem,België,,1
525,Roberto Oliván,Brussel,België,,2
526,Teater Rabarber,Bonheiden,België,,2
527,Cie. Coup Contrecoup,Gentbrugge,België,,6
528,Wrong Ass. / In the Wrong,Brussel,België,,1
529,LAP vzw,Hasselt,België,,8
530,Wortel,Gent,België,,1
531,Cultuurmarkt van Vlaanderen,Antwerpen,België,,1
532,Forsiti'A,Brussel,België,,1
533,Leefgroep de Panda,Brussel,België,,3
534,O'Kontreir,Berchem,België,,1
535,Théâtre de la Place,Liège,België,,1
536,Lieflamd,Kasterlee,België,,2
537,De gebroeders Boudewijn,Antwerpen,België,,8
538,Het Bordes,Sint-Joost-ten-Node,België,,16
539,Buda Kunstencentrum,Kortrijk,België,,25
540,Bij' De Vieze Gasten,Gent,België,,47
541,Koninklijk Ballet van Vlaanderen,Antwerpen,België,,135
542,Jongerentheatercollectief Dagsoep,,België,,1
543,W.A.C.K.O,Kasterlee,België,,5
544,TIL 2.3,Antwerpen,België,,8
545,Vaart,Leuven,België,,1
546,Theaterwerkgroep Jonna,Wilsele,België,,1
547,Eland Nieuwe Stijl,Brussel,België,,2
548,LRV-PRODUCTIES,Hoeselt,België,,11
549,into ici,Hasselt,België,,2
550,Kobalt Works,Brussel,België,,57
551,REFUG-collective,Brussel,België,,2
552,Ulti'mates / Ultima Vez,Sint-Jans-Molenbeek,België,,6
553,ZET 6,Ganshoren,België,,1
554,MEMIS,MECHELEN,België,,3
555,Théâtre de Namur,Namur,België,,4
556,Het Net,Brugge,België,,33
557,Mechels Miniatuur Teater,Mechelen,België,,90
558,Kunstencentrum Tor,Genk,België,,8
559,Exiles,Brussel,België,,4
560,Handelsbeurs,Gent,België,,1
561,Great investment,Brussel,België,,38
562,WArd/WaRD,Antwerpen,België,,49
563,Limburgs Projekt Teater,Beringen,België,,3
564,Cie Karin Vyncke / Aquilon vzw,Brussel,België,,27
565,Dunia,,België,,6
566,Collectif du Lion,Liège,België,,2
567,De Wentelteefjes,Gent,België,,1
568,Agora,Saint-Vith,België,,1
569,Kunsten en Erfgoed,Brussel,België,,1
570,Les Fontenelles,Kortrijk,België,,1
571,Chiclaboebp,Gent,België,,1
572,Maison du Spectacle - la Bellone,Bruxelles,België,,1
573,Spelersgroep Ernst/Serieus,Gent,België,,3
574,Zonzo Cie.,Antwerpen,België,,29
575,Sermoen Theatermakers,Gent,België,,8
576,TG Ting,Brussel,België,,5
577,"Riche, Riche & Riche",Brussel,België,,1
578,Studio Orka,Gent,België,,47
579,Artboem,Leuven,België,,3
580,Plankton Hotel,Sint-Jans-Molenbeek,België,,11
581,vzw Sontag,Gent,België,,4
582,Kosmonaut Production,Antwerpen,België,,9
583,Mechels Stadspoppentheater,Mechelen,België,,39
584,Theater de Waanzin,Mariakerke,België,,9
585,Tg Marcus,Antwerpen,België,,1
586,30CC,Leuven,België,,11
587,CC De Spil,Roeselare,België,,4
588,Tg Schemering,Antwerpen,België,,8
589,Brussel behoort ons toe - Bruxelles nous appartient,Brussel,België,,1
590,Novgorod vzw,Gent,België,,1
591,Redt & helpt uzelven en elkander,Impe-Lede,België,,1
592,Theater Tol,Antwerpen,België,,27
593,Maquette vzw,Schaarbeek,België,,3
594,ProMITHEus,Kessel-Lo,België,,2
595,Klankfabriek vzw,Tongeren,België,,1
596,Tour DeForce,Antwerpen,België,,1
597,Rhythm Naturals,Deurne,België,,1
598,Sight Of An Ignored Landscape,Brussel,België,,1
599,Eendhoorn,Antwerpen,België,,1
600,Cultuurcentrum Kortrijk,Kortrijk,België,,2
601,Santé publiek,Antwerpen,België,,3
602,Paul Coppens,Aalst,België,,2
603,Steigeisen,Brussel,België,,10
604,Kolka Kollektief,Berchem,België,,6
605,Roodvonk,Antwerpen,België,,4
606,Duizendeneen,Gent,België,,6
607,De Zeepcompagnie,Gent,België,,16
608,Mir/Oeral vzw,Hoboken,België,,1
609,Kreutzfeld Verein,Herentals,België,,1
610,Club Moral,Antwerpen,België,,3
611,Pilot Productions,,België,,1
612,Droomedaris-Rex,Kasterlee,België,,15
613,Cie. Abaroa,Brussel,België,,3
614,Tg Cactusbloem,Antwerpen,België,,3
615,Nat Gras,Antwerpen,België,,16
616,Victoria Deluxe,Gent,België,,30
617,Cie Baladeu'x,Brussel,België,,5
618,SuperBodies,Hasselt,België,,1
619,Arbeit.oderentweder,Antwerpen,België,,2
620,Mireille en Mathieu,Gent,België,,19
621,Behoud de Begeerte - Kunstencentrum voor literatuur,Antwerpen,België,,7
622,Eftuentafel,,België,,1
623,Lapzus,Berchem,België,,1
624,TREVOR vzw,,België,,2
625,SPIN,Brussel,België,,19
626,Fond de Teint,Kortrijk,België,,1
627,Andere Podia,Antwerpen,België,,2
628,Lampe,Brussel,België,,14
629,De Vereeniging,Gentbrugge,België,,2
630,CREW_eric joris,Brussel,België,,60
631,Rubio Strijkkwartet,,België,,1
632,Cava,Berchem,België,,5
633,Gents Amusementstheater,Gent,België,,7
634,Tweelicht & Zoon,Lier,België,,7
635,Lucilia Caesar,Bruxelles,België,,2
636,Theater Spelende Mens,Berchem,België,,5
637,das marionette,Gent,België,,2
638,Kowboy Kaos,Gent,België,,3
639,CC Genk,Genk,België,,6
640,Compagnie Frieda,Gent,België,,22
641,Defdef TheatreCompany,,België,,5
642,Open Circuit,Hasselt,België,,9
643,Theatercollectief Bleeding Bulls,Antwerpen,België,,6
644,Compagnie Aimé de Lignière,Antwerpen,België,,4
645,De Vikingen,Hove,België,,6
646,Roberta Dance Compagnie,Brussel,België,,1
647,Collectief Broom,,België,,2
648,Nova Zembla,Borgerhout (Antwerpen),België,,20
649,Kluster vzw,Neerpelt,België,,2
650,Pain Arts,Brussel,België,,2
651,FURIOSO VZW,Brussel,België,,1
652,Fort 33,Antwerpen,België,,4
653,"Wigbert, Filip Jordens & Bart Plouvier",Borgerhout,België,,1
654,De Vereniging van Enthousiasten voor het Reële & Universele VZW,Bornem,België,,8
655,Radical HeArts vzw,Kortrijk,België,,5
656,Stedelijke Muziekacademie Lier,Lier,België,,1
657,Visual Kitchen,Brussel,België,,1
658,CC Maasmechelen,Maasmechelen,België,,8
659,vzw Pamele,Kortrijk,België,,1
660,HERMESensemble,Antwerpen,België,,4
661,JazzLab Series,Gent,België,,2
662,Corban,Brussel,België,,11
663,Veerle Bakelants,Hoboken (Antwerpen),België,,7
664,de Filmfabriek,Bierbeek,België,,12
665,Mirakel,Brussel,België,,4
666,CAW Artevelde,Gent,België,,1
667,Chez Jean-Jacques,Gent,België,,2
668,Het Laatste kwartier,,België,,2
669,Théâtre Epique,Bruxelles,België,,1
670,Sandman,,België,,9
671,deSingel,Antwerpen,België,,18
672,MOPA,Elsene,België,,1
673,Zanzi vzw,Brussel,België,,2
674,Noordteater,Antwerpen,België,,3
675,Theater Tartaar, Lennik - Eizeringen,België,,11
676,Opera Mobile,Antwerpen,België,,8
677,TG Vagevuur,Gent,België,,14
678,Bad van Marie,Borgerhout (Antwerpen),België,,39
679,Muziektheater De Zwarte Sneeuw,Nijlen,België,,1
680,Barre Weldaad,Brussel,België,,55
681,Cie Side-Show,Brussel,België,,3
682,THEATER BESTEK,Leuven,België,,1
683,Cie Tartaren,Leuven,België,,19
684,CC Muze Heusden-Zolder,Heusden-Zolder,België,,1
685,Shalala ehf.,Brussel,België,,1
686,Utopia,Brussel,België,,3
687,Cie Mala Hierba,,België,,1
688,Usage Externe,Rummen,België,,1
689,Kloppend Hert,Gent - Gentbrugge,België,,9
690,CC De Ster,Willebroek,België,,2
691,Figurentheater De Maan,Mechelen,België,,105
692,Blauwe Maandag Compagnie,Gent,België,,22
693,De Kleine Academie,Brussel,België,,2
694,DROP PROD,,België,,4
695,deFilharmonie,Antwerpen,België,,5
696,Damaged Goods,Brussel,België,,131
697,De Verrukking,Antwerpen,België,,9
698,Mambocito Mio,Sint-Amandsberg,België,,4
699,Kung Fu,Gent,België,,3
700,Galothar,Vorst,België,,7
701,BLOK-BLOC,Anwerpen,België,,2
702,De Figuranten (Stimulans JIAC),Menen,België,,16
703,Tuning people,Antwerpen,België,,34
704,Cinderella,Brussel,België,,14
705,KunstZ,Antwerpen,België,,17
706,Koninklijke poppenschouwburg Van Campen,Brasschaat,België,,17
707,Kotterie Flamand,Sint-Gillis-Waas,België,,4
708,vzw Root,,België,,2
709,Open Living,Berchem,België,,3
710,Stuc,Leuven,België,,10
711,ARType vzw,Antwerpen,België,,3
712,CC Strombeek,Strombeek-Bever,België,,2
713,Cie TransatlantiK,Bruxelles,België,,1
714,Action Malaise,Brussel,België,,14
715,LUCA Drama,Leuven,België,,1
716,Stad Leuven,Leuven,België,,1
717,Sonja Augart & Katrien van Aerschot,,België,,1
718,Garifuna,Kasterlee,België,,1
719,Het Balkon,,België,,1
720,Museum M,Leuven,België,,2
721,Drie Vingers,Putte,België,,7
722,Theater Taptoe,Gent,België,,96
723,Musica vzw,Neerpelt,België,,9
724,La Oca Loca,Brussel,België,,12
725,Alkyonis,Leefdaal,België,,7
726,Annabel Schellekens & Thomas Devens,Leuven,België,,1
727,OHNO Cooperation,Brussel,België,,4
728,Casa Blanca,Meslin L'éveque,België,,2
729,Els De Schepper,Antwerpen,België,,4
730,Rubber Duck,Brussel,België,,3
731,BAM - Eugène Bervoets,Antwerpen,België,,1
732,Wiels,Vorst,België,,3
733,Corpus ca.,,België,,12
734,Publiekstoneel,Antwerpen,België,,1
735,ampersand,Borgerhout,België,,2
736,STORMOPKOMST,Turnhout,België,,3
737,SOIT,Brussel,België,,28
738,Villa Basta,Hasselt,België,,1
739,Aventura Musica,,België,,2
740,GC De Vaartkapoen,Sint-Jans-Molenbeek,België,,1
741,Brussels Philharmonic - Vlaams Radio Orkest,Elsene,België,,1
742,Alexander Baervoets / Azuur,Everberg,België,,22
743,Momentum festival,Brussel,België,,2
744,Sering,Borgerhout,België,,39
745,Het Ongerijmde,,België,,2
746,Platform-K vzw,Gent,België,,11
747,Curtain Call Productions,Gent,België,,13
748,Lemm&Barkey,Brussel,België,,5
749,La Comedie Crapule,Sint-Joost-ten-Node,België,,4
750,Mons 2015 Capitale européenne de la Culture,Mons,België,,3
751,C-mine cultuurcentrum Genk,Genk,België,,16
752,Poppentheater PICO,Rumst,België,,1
753,Toneelhuis,Antwerpen,België,,183
754,Les Brigittines,Bruxelles,België,,1
755,Theater Teater / Het 3° bedrijf,Mechelen,België,,9
756,ID theater,Brussel,België,,2
757,Boris vzw,Brussel,België,,5
758,Nabla vzw,,België,,1
759,Kurt Defrancq,Hove,België,,2
760,Paco-Producties,Aalst,België,,2
761,Studio KoS,Oetingen,België,,2
762,Lucinda Ra,Gent,België,,5
763,Thakafa 11,Borgerhout (Antwerpen),België,,2
764,D°eFFeKt,Brussel,België,,4
765,Veva De Blauwe & Sara Vertongen,Antwerpen,België,,5
766,Un Oeuf Is Un Oeuf,Brussel,België,,5
767,Teater 42,Turnhout,België,,29
768,WIThWIT,,België,,2
769,Seventyseven,Brussel,België,,15
770,Backstage,Gent,België,,7
771,Latent Fuss,Brussel,België,,1
772,theaterMalpertuis,Tielt,België,,147
773,Zeven vzw,Brussel,België,,14
774,Arthur,Antwerpen,België,,1
775,Random Scream,Brussel,België,,19
776,de Bloedgroep,Gentbrugge,België,,4
777,Compagnie Nadine Ganase,Bruxelles,België,,1
778,de Claes fabriek,Antwerpen,België,,2
779,De Bijloke Muziekcentrum,Gent,België,,6
780,Voetvolk,Antwerpen,België,,24
781,AndWhatBesidesDeath,Antwerpen,België,,5
782,Petaar vzw,Sint-Jans-Molenbeek,België,,2
783,Theater Stap,Turnhout,België,,73
784,Krikri,Gent,België,,2
785,Anima Vinctum/Muziekkunst voor Dans & Theater,Antwerpen,België,,2
786,Music Hall Group,Antwerpen,België,,5
787,Jean Luc Ducourt,Schaarbeek,België,,9
788,Het Affront / Amana Dance Theatre,Deurne,België,,16
789,Madam Fortuna,Antwerpen (Borgerhout),België,,6
790,Le manège.mons,Mons,België,,4
791,Prefab,Leuven,België,,1
792,Brugge 2002,Brugge,België,,4
793,Collectief gestrand,,België,,1
794,Rooftoptiger,Antwerpen,België,,3
795,SPECTRA ensemble,Ledeberg,België,,4
796,Ensemble Leporello,Sint-Jans-Molenbeek,België,,188
797,De Onderneming,Hoboken (Antwerpen),België,,66
798,Circus Ronaldo,Muizen - Mechelen,België,,35
799,Sax-Appeal,Haacht,België,,2
800,Caravan Production,Brussel,België,,106
801,Theaterwerkgroep Kopspel,Berchem,België,,1
802,Samenleven Runkst,Hasselt,België,,1
803,Tout Petit,Zonhoven,België,,5
804,Raamtheater,Antwerpen,België,,44
805,Nederlands Toneel Gent,Gent,België,,79
806,Teater Leen Persijn,Oosterzele,België,,20
807,Theater Herman Verbeeck,Borgerhout (Antwerpen),België,,7
808,Europalia International,Brussel,België,,1
809,Unie Der Zorgelozen,Kortrijk,België,,32
810,Manyone,Brussel,België,,7
811,UA (Universiteit Antwerpen),Wilrijk (Antwerpen),België,,1
812,Festival de Liège,Liège,België,,6
813,Theater Tieret,Sint-Niklaas,België,,49
814,Klapstukfestival,Leuven,België,,28
815,de LaLa's,,België,,1
816,de Bühnehasen,Antwerpen,België,,1
817,Tutti Fratelli,Borgerhout,België,,17
818,les yeux bleus,Brussel,België,,1
819,Teater Exces vzw,Gent,België,,14
820,Theater Speelman,Borgerhout,België,,6
821,Mulder & De Roeck,Hove,België,,1
822,Compagnie Thor,Brussel,België,,14
823,La Cité Moderne,,België,,1
824,Platform 0090,Berchem,België,,18
825,Stray Light vzw,Anderlecht,België,,2
826,Theater O!,Hove,België,,1
827,Larf!,Gent,België,,49
828,Air de C,Borgerhout (Antwerpen),België,,3
829,De Furie,Antwerpen,België,,4
830,Bozar,Brussel,België,,5
831,Kunstzaken bvba,Gent,België,,1
832,Hécate,Tienen,België,,2
833,Nieuwpoorttheater,Gent,België,,36
834,Theaterprojecten De goesting,Kessel-Lo,België,,1
835,TIE 3,Antwerpen,België,,1
836,Europees Festival,Antwerpen,België,,15
837,Theater De Schaduw,Ardooie,België,,16
838,Tank!,,België,,7
839,Mokum vzw,Brussel,België,,39
840,Théâtre Praxis,Brussel,België,,1
841,Le Mal du Siecle,Aalter,België,,20
842,Joe Baele,Deurle,België,,1
843,De Verwondering,Mariakerke (Gent),België,,3
844,Theaterwetenschappen Leuven,Leuven,België,,1
845,Leen Roels,Appels,België,,2
846,Kuiperskaai,Gent,België,,6
847,Eve vzw/asbl,,België,,4
848,Happy New Ears,Kortrijk,België,,4
849,Schouwburg Kortrijk,Kortrijk,België,,1
850,Free Art Dance Co,Bornem,België,,1
851,Theater Mutant,Borgerhout,België,,2
852,New Boys In Town vzw,Schoten,België,,5
853,Theater aan Zee (TarTarT),Oostende,België,,11
854,Inti vzw,Leefdaal,België,,16
855,Sprookjes enzo vzw,Antwerpen,België,,23
856,BAFF,Antwerpen,België,,15
857,De Muziekfactorij,Kasterlee,België,,1
858,House Crying Yellow Tears,Brussel,België,,3
859,Bob vzw,,België,,1
860,Nadine,Elsene,België,,30
861,Ibycus,Deurne (Antwerpen),België,,4
862,De Rivieren vzw,Antwerpen,België,,1
863,Utopia II,Brussel,België,,1
864,Ballet Vlaanderen,Antwerpen,België,,14
865,Theater op de Markt,Hasselt,België,,1
866,"Wo Bist, Ist",Heverlee,België,,1
867,Don Bosco Instituut,Haacht,België,,1
868,Circus Bulderdrang,Antwerpen,België,,1
869,Circuscentrum - Vlaams Centrum voor Circuskunsten,Gent,België,,1
870,MillenniumProof,Antwerpen,België,,2
871,timecircus vzw,Antwerpen (Linkeroever),België,,1
872,Théâtre des 4 mains,Beauvechain,België,,4
873,Aifoon vzw,Gent,België,,3
874,Mechels Jeugdtheater,Mechelen,België,,6
875,De Verenigde Cultuurfabrieken vzw,Gent,België,,1
876,Goedertier,Brussel,België,,5
877,Plinn vzw,Hansbeke,België,,1
878,'t ANtWOORD,Turnhout,België,,2
879,Lujd,Brussel,België,,2
880,WALPURGIS,Mortsel,België,,94
881,Marie Slik,Turnhout,België,,1
882,Studio Tokio,Antwerpen,België,,1
883,Nieuw Ensemble RaamTeater,Antwerpen,België,,71
884,Artesis - Koninklijk Conservatorium Campus Lier,Lier,België,,2
885,Jeugdtheater Het Appeltje,Antwerpen,België,,5
886,Rosas,Vorst,België,,221
887,I Solisti del Vento,Antwerpen,België,,7
888,Yawar,Genk,België,,5
889,Blueback asbl,Brussel,België,,1
890,NouS,Antwerpen,België,,1
891,CC Antoon Spinoy,Mechelen,België,,1
892,Tibaldus en andere hoeren,Gent,België,,18
893,Nieuwe Realisaties,Antwerpen,België,,4
894,Tristero,Brussel,België,,88
895,Teater Pepijn,Bornem,België,,20
896,The Primitives,Wezembeek-Oppem,België,,13
897,ENSEMBLE SUIKERIJ/TEATERBARRIKADE,Gent,België,,1
898,Theater aan de Stroom,Antwerpen,België,,39
899,cirQ,Gent,België,,1
900,IOA - International Opera Academy,Gent,België,,2
901,Kamp Kalf,,België,,1
902,Zoe,Brussel,België,,4
903,Festival van Vlaanderen,Mechelen,België,,4
904,Dust Timing vzw,Gentbrugge,België,,1
905,Jan Fabre - Troubleyn,Antwerpen,België,,160
906,Theater Saignant,Hove,België,,3
907,Dastheater,Gent,België,,29
908,Poppentejater Jejem Piron,Mortsel,België,,17
909,Filter,Antwerpen,België,,17
910,De generaal in zijn tuin,Turnhout,België,,1
911,de Roovers,Antwerpen,België,,89
912,Teater Prometheus,Gent,België,,1
913,De Beweeging,Antwerpen,België,,33
914,Artefact - festival voor mediakunst,Leuven,België,,1
915,'t Arsenaal,Mechelen,België,,97
916,Danscompagnie Francine De Veylder,Moorsel,België,,1
917,kwaad bloed,Brussel,België,,46
918,LaDea,Brussel,België,,11
919,Publiekstheater,Gent,België,,60
920,Theater Scorpio,Turnhout,België,,16
921,CC Gildhof,Tielt,België,,1
922,FC Bergman,Antwerpen,België,,26
923,PONI,Brussel,België,,9
924,Festival van Vlaanderen Gent,Gent,België,,3
925,Compagnie Hopla,Kortrijk,België,,3
926,fABULEUS,Leuven,België,,159
927,Laagland,Bierbeek,België,,8
928,Commission art numérique,Brussel,België,,1
929,Nunc et / est nunc,,België,,1
930,Theater Teater,Mechelen,België,,12
931,vzw Punt_O,Gent,België,,1
932,Pantalone,Brussel,België,,52
933,Foton,Brussel,België,,3
934,De Machienerie vzw,Antwerpen,België,,1
935,Le Groupe Sanguin,Brussel,België,,1
936,CC De Grote Post,Oostende,België,,3
937,Rubus Productions,Gent,België,,2
938,DE DAGEN,Antwerpen,België,,3
939,het GEIT,Gent,België,,5
940,De Bromvlieg,Antwerpen,België,,2
941,Cie Isabella Soupart,Bruxelles,België,,5
942,Ballet Najade vzw,Kuringen,België,,2
943,Vlaams-Nederlands huis deBuren,Brussel,België,,3
944,Eisbär,Antwerpen,België,,8
945,Uitgezonderd. Theater!,Lokeren,België,,1
946,Louise Vanneste/Rising Horses,Brussel,België,,9
947,Nadar ensemble,Sint-Niklaas,België,,1
948,Bloedgroep K,,België,,3
949,Ell Circo d'ell Feugo,Antwerpen,België,,1
950,Alden Biesen Zomeropera vzw,Rijkhoven,België,,14
951,m² (De Tijd),Antwerpen,België,,7
952,C&H,Brussel,België,,6
953,Twee vzw,Schaarbeek,België,,3
954,het KIP,Gent,België,,56
955,PRiSMA,Antwerpen,België,,3
956,Pianofabriek,Sint-Gillis,België,,24
957,Krokusfestival,Hasselt,België,,13
958,John Torso Swim Cie,Antwerpen,België,,6
959,'t Gebroed,Borgerhout,België,,5
960,Agency,Brussel,België,,2
961,Duchamps,Brussel,België,,29
962,Paul Kenens Solo Circater,Wilrijik,België,,1
963,Polydans Compagnie,Kortrijk,België,,8
964,Toneel Dora van der Groen,Antwerpen,België,,23
965,Koninklijk Jeugdtheater,Antwerpen,België,,56
966,Wayn Traub,Veerle,België,,13
967,Echt Antwaarps Teater,Antwerpen,België,,71
968,Stabada,Leuven,België,,6
969,Wolvin vzw,Hoboken (Antwerpen),België,,3
970,Theater Onderhetvel,Antwerpen,België,,11
971,Wit.h,Harelbeke,België,,3
972,Het Banket,Mechelen,België,,14
973,PANGEA,Leuven,België,,1
974,kristal & vanplastiek,Mortsel,België,,5
975,Transquinquennal,Bruxelles,België,,34
976,Strange Fruit vzw,Antwerpen,België,,1
977,GC De Markten,Brussel,België,,1
978,Fyke,Brussel,België,,17
979,Post uit Hessdalen,Hessdalen,België,,3
980,Salibonani,Hove,België,,7
981,Podium Modern,Kasterlee,België,,6
982,Retina Dance Company,Berchem,België,,13
983,Les dames blanches,Brussel,België,,1
984,Theatergezelschap Drie,Brugge,België,,1
985,the great indoors,Antwerpen,België,,4
986,Teater Zwarte Meeuw,Lokeren,België,,4
987,Daem Geertrui en de Baes Lieve,Gent,België,,1
988,Mr. & Mrs. Fox,,België,,3
989,Compagnie Carlotta,Leuven,België,,25
990,Bende Ongeregeld vzw,Antwerpen,België,,2
991,Stof,Antwerpen,België,,2
992,Florence Augendre,Brussel,België,,5
993,Theater Bas,Heverlee,België,,12
994,Company Las Barbudas,Brussel,België,,2
995,Compagnie Hatsjie,Hasselt,België,,5
996,Living Lines,Drongen,België,,1
997,Cour & Jardin,Gent,België,,4
998,Le Label Cedana,Brussel,België,,3
999,Ultima Thule,Gent,België,,106
1000,Teerling - Julien Schoenaerts,Antwerpen,België,,3
1001,Théâtre de Galafronie,Bruxelles,België,,1
1002,BRUT,,België,,4
1003,FRANK NUYTS & JACQUES SERVAES,Gent,België,,1
1004,Het Schooljeugdtheater,Sint-Genesius-Rode,België,,34
1005,SINCOLLECTIEF,Antwerpen,België,,14
1006,Antwerpen Boekenstad,Antwerpen,België,,1
1007,Tiens Tiens,Gent,België,,1
1008,Tg Dwaalzin,Sint-Niklaas,België,,1
1009,"Zwerm
",Antwerpen (Borgerhout),België,,1
1010,Kunst/Werk,Berchem,België,,120
1011,Multatuli Theater,Antwerpen,België,,4
1012,Jan Decorte & Cie,Sint-Joost-ten-Node,België,,3
1013,Tg Elektra,Antwerpen,België,,3
1014,alexander vzw,Ottenburg,België,,2
1015,Queer Arts Festival,Antwerpen,België,,1
1016,GC 't Groenendal,Merelbeke,België,,2
1017,Ultima Vez,Sint-Jans-Molenbeek,België,,99
1018,Action Zoo Humain,Gent,België,,19
1019,Anna's Steen,Kalmthout,België,,26
1020,De Zweep,Borgerhout (Antwerpen),België,,5
1021,Slow-up vzw,Mortsel,België,,1
1022,Fortinbras,Deurne,België,,2
1023,Art Basics for Children,Brussel,België,,1
1024,Kip met kop,Zwijndrecht,België,,9
1025,Volle Petrol,Anderlecht,België,,1
1026,Erasmushogeschool Brussel / Koninklijk Conservatorium,Brussel,België,,24
1027,IKOB - Museum für Zeitgenössische Kuns,Eupen,België,,1
1028,Cie Pol & Freddy,,België,,9
1029,Braakland/ZheBilding,Leuven,België,,109
1030,Capitool,Gent,België,,1
1031,Anno'02,Kortrijk,België,,3
1032,Louisa's Daughter,,België,,2
1033,Vlinderboom en Stinkzwam Experimenten,Brussel,België,,12
1034,Cie Artara,Brussel,België,,8
1035,Brasart,Gent,België,,1
1036,Brussels Brecht-Eislerkoor,Brussel,België,,1
1037,De Stichting / Peter De Graef,Antwerpen,België,,13
1038,SEEFTHEATER,Antwerpen,België,,1
1039,Jeugd en Muziek Gent,Gent,België,,1
1040,Kailash,Antwerpen,België,,1
1041,Luna Baal,Borgerhout,België,,1
1042,Glüg,Kasterlee,België,,1
1043,Sandberg,Antwerpen,België,,1
1044,Mestizo Arts Festival,Antwerpen,België,,8
1045,Herring,Tongeren,België,,1
1046,Speelteater Gent,Gent,België,,77
1047,FosFor Collectief,Lokeren,België,,1
1048,DE KOLONIE MT,Berchem,België,,26
1049,Les Ballets du Grand Maghreb,Brussel,België,,7
1050,Poppenspel Kiekeboe,Merksem (Antwerpen),België,,9
1051,Sjanteboetiek Produkties,Oosterzele,België,,22
1052,Sonda,Brussel,België,,1
1053,Blauw,Borgerhout,België,,2
1054,Operastudio Vlaanderen,Gent,België,,12
1055,Cie Todavia,Gent,België,,1
1056,Matrix Art Project,Brussel,België,,1
1057,Zwarte Meeuw,Gent,België,,5
1058,ccBe,Berchem,België,,4
1059,School of Arts - KASK DRAMA,Gent,België,,4
1060,Compagnie Barbarie,Antwerpen,België,,14
1061,Robbert&Frank/Frank&Robbert,Gent,België,,6
1062,Struiken vzw,Ledeberg,België,,3
1063,Eric Raeves,,België,,13
1064,Laat in de noen,Turnhout,België,,3
1065,Contrecoeur,Leuven,België,,24
1066,Arca,Gent,België,,92
1067,Art Buro Limburg,Maastricht,België,,4
1068,Vrijstaat O.,Oostende,België,,7
1069,Culturele interventies Antwerpen,Antwerpen,België,,1
1070,MiramirO - Internationaal Straattheaterfestival Gent,Gent,België,,2
1071,Volksroom,Brussel,België,,8
1072,Bon Avontura,Brussel,België,,1
1073,Phileas Productions,Brussel,België,,17
1074,Let's Go Urban,Antwerpen,België,,2
1075,Theaterwerkplaats NEST,Mortsel,België,,3
1076,Rode Boom,Hoevenen,België,,14
1077,Luk Wyns,Schoten,België,,2
1078,THEATER DE POESJE,Antwerpen,België,,1
1079,Etablissement d'en Face,Bruxelles,België,,1
1080,Schoora/Lippold,Kortrijk,België,,5
1081,Hush Hush Hush,Berchem,België,,18
1082,Maten,Antwerpen,België,,13
1083,Cultuurcentrum Merksem,Merksem,België,,1
1084,WERKHUIS/producties,Brussel,België,,13
1085,Amgod,Brussel,België,,7
1086,Het nieuwstedelijk,Leuven,België,,21
1087,An de Donder & Paul Verrept,Antwerpen,België,,1
1088,Cie 13 / Rosa Mei,Antwerpen,België,,1
1089,Le Bjarne Riss Ensemble,Dilsen-Stokkem,België,,8
1090,Ennesima,Brussel,België,,10
1091,Het Bos,Antwerpen,België,,3
1092,Internationaal Theaterschool Festival Brussel vzw,Brussel,België,,2
1093,Hogeschool Antwerpen / Herman Teirlinck Instituut,Antwerpen,België,,38
1094,Stromend Water vzw,Antwerpen,België,,1
1095,'t Spil - kollektief,Gent,België,,6
1096,Listopa Dancetheatre,Antwerpen,België,,1
1097,Koninklijke Vlaamse Schouwburg - KVS,Brussel,België,,322
1098,Stedelijk Instituut voor Sierkunsten en Ambachten - SISA,Antwerpen,België,,1
1099,Dito'Dito,Brussel,België,,91
1100,Villa Lobos vzw,Vorst,België,,12
1101,Catalpa vzw,Schoten,België,,4
1102,Nico Sturm en Karolien De Beck,,België,,1
1103,Eastman,Antwerpen,België,,38
1104,Ratlas Company,Brussel,België,,1
1105,B12 vzw,Neerpelt,België,,6
